id,produto_id,data_ajuste,tipo,quantidade,custo_unitario,observacao
1,14,2025-12-19 14:22:15.902644,saida,13,,"Ajuste automático via importação ML Full (anterior: 28, novo: 15)"
2,12,2025-12-19 14:22:15.910705,saida,62,,"Ajuste automático via importação ML Full (anterior: 302, novo: 240)"
3,7,2025-12-19 14:22:15.912719,saida,323,,"Ajuste automático via importação ML Full (anterior: 441, novo: 118)"
4,8,2025-12-19 14:22:15.912719,saida,108,,"Ajuste automático via importação ML Full (anterior: 109, novo: 1)"
5,18,2025-12-19 14:22:15.914729,saida,5,,"Ajuste automático via importação ML Full (anterior: 7, novo: 2)"
6,11,2025-12-19 14:22:15.916739,entrada,1,,"Ajuste automático via importação ML Full (anterior: 34, novo: 35)"
7,2,2025-12-19 14:22:15.916739,saida,383,,"Ajuste automático via importação ML Full (anterior: 409, novo: 26)"
8,10,2025-12-19 14:22:15.918751,saida,4,,"Ajuste automático via importação ML Full (anterior: 24, novo: 20)"
9,13,2025-12-19 14:22:15.918751,saida,71,,"Ajuste automático via importação ML Full (anterior: 74, novo: 3)"
10,12,2025-12-19 14:22:15.921878,saida,223,,"Ajuste automático via importação ML Full (anterior: 240, novo: 17)"
11,17,2025-12-19 14:22:15.924134,entrada,137,,"Ajuste automático via importação ML Full (anterior: 215, novo: 352)"
12,2,2025-12-19 14:22:15.926144,entrada,298,,"Ajuste automático via importação ML Full (anterior: 26, novo: 324)"
13,3,2025-12-19 14:22:15.927154,saida,23,,"Ajuste automático via importação ML Full (anterior: 272, novo: 249)"
14,9,2025-12-19 14:22:15.927154,entrada,183,,"Ajuste automático via importação ML Full (anterior: 28, novo: 211)"
15,16,2025-12-19 14:22:15.929164,entrada,81,,"Ajuste automático via importação ML Full (anterior: 295, novo: 376)"
16,1,2025-12-19 14:22:15.929164,saida,7,,"Ajuste automático via importação ML Full (anterior: 236, novo: 229)"
17,4,2025-12-19 14:22:15.929164,saida,11,,"Ajuste automático via importação ML Full (anterior: 88, novo: 77)"
18,8,2025-12-19 14:22:15.935385,entrada,338,,"Ajuste automático via importação ML Full (anterior: 1, novo: 339)"
19,15,2025-12-19 14:22:15.935385,saida,3,,"Ajuste automático via importação ML Full (anterior: 17, novo: 14)"
20,8,2025-12-19 14:22:15.935385,saida,262,,"Ajuste automático via importação ML Full (anterior: 339, novo: 77)"
21,7,2025-12-19 14:22:15.942199,entrada,51,,"Ajuste automático via importação ML Full (anterior: 118, novo: 169)"
22,12,2025-12-19 14:22:15.950241,saida,17,,"Ajuste automático via importação ML Full (anterior: 17, novo: 0)"
23,14,2025-12-19 14:39:17.534472,entrada,15,,"Ajuste automático via importação ML Full (anterior: 0, novo: 15)"
24,12,2025-12-19 14:39:17.543562,entrada,240,,"Ajuste automático via importação ML Full (anterior: 0, novo: 240)"
25,7,2025-12-19 14:39:17.545577,entrada,118,,"Ajuste automático via importação ML Full (anterior: 0, novo: 118)"
26,8,2025-12-19 14:39:17.546589,entrada,1,,"Ajuste automático via importação ML Full (anterior: 0, novo: 1)"
27,18,2025-12-19 14:39:17.548603,entrada,2,,"Ajuste automático via importação ML Full (anterior: 0, novo: 2)"
28,11,2025-12-19 14:39:17.550617,entrada,35,,"Ajuste automático via importação ML Full (anterior: 0, novo: 35)"
29,2,2025-12-19 14:39:17.550617,entrada,26,,"Ajuste automático via importação ML Full (anterior: 0, novo: 26)"
30,10,2025-12-19 14:39:17.554646,entrada,20,,"Ajuste automático via importação ML Full (anterior: 0, novo: 20)"
31,13,2025-12-19 14:39:17.561009,entrada,3,,"Ajuste automático via importação ML Full (anterior: 0, novo: 3)"
32,12,2025-12-19 14:39:17.563023,saida,223,,"Ajuste automático via importação ML Full (anterior: 240, novo: 17)"
33,17,2025-12-19 14:39:17.565040,entrada,352,,"Ajuste automático via importação ML Full (anterior: 0, novo: 352)"
34,2,2025-12-19 14:39:17.567052,entrada,298,,"Ajuste automático via importação ML Full (anterior: 26, novo: 324)"
35,3,2025-12-19 14:39:17.569066,entrada,249,,"Ajuste automático via importação ML Full (anterior: 0, novo: 249)"
36,9,2025-12-19 14:39:17.572596,entrada,211,,"Ajuste automático via importação ML Full (anterior: 0, novo: 211)"
37,16,2025-12-19 14:39:17.580301,entrada,376,,"Ajuste automático via importação ML Full (anterior: 0, novo: 376)"
38,1,2025-12-19 14:39:17.582316,entrada,229,,"Ajuste automático via importação ML Full (anterior: 0, novo: 229)"
39,4,2025-12-19 14:39:17.582316,entrada,77,,"Ajuste automático via importação ML Full (anterior: 0, novo: 77)"
40,8,2025-12-19 14:39:17.584330,entrada,338,,"Ajuste automático via importação ML Full (anterior: 1, novo: 339)"
41,15,2025-12-19 14:39:17.586344,entrada,14,,"Ajuste automático via importação ML Full (anterior: 0, novo: 14)"
42,8,2025-12-19 14:39:17.590664,saida,262,,"Ajuste automático via importação ML Full (anterior: 339, novo: 77)"
43,7,2025-12-19 14:39:17.592678,entrada,51,,"Ajuste automático via importação ML Full (anterior: 118, novo: 169)"
44,20,2025-12-19 14:39:17.600477,entrada,100,,"Ajuste automático via importação ML Full (anterior: 0, novo: 100)"
45,21,2025-12-19 14:39:17.604511,entrada,100,,"Ajuste automático via importação ML Full (anterior: 0, novo: 100)"
46,12,2025-12-19 14:39:17.610144,saida,17,,"Ajuste automático via importação ML Full (anterior: 17, novo: 0)"
47,12,2025-12-19 15:59:19.826639,entrada,240170,,"Ajuste automático via importação ML Full (anterior: 0, novo: 240170)"
48,2,2025-12-19 15:59:19.882320,entrada,26000,,"Ajuste automático via importação ML Full (anterior: 324, novo: 26324)"
49,7,2025-12-19 15:59:19.894697,entrada,118000,,"Ajuste automático via importação ML Full (anterior: 169, novo: 118169)"
50,8,2025-12-19 15:59:19.898726,entrada,133900,,"Ajuste automático via importação ML Full (anterior: 77, novo: 133977)"
51,12,2025-12-19 16:07:06.848832,saida,239913,,"Ajuste automático via importação ML Full (anterior: 240170, novo: 257)"
52,2,2025-12-19 16:07:06.934961,saida,25974,,"Ajuste automático via importação ML Full (anterior: 26324, novo: 350)"
53,7,2025-12-19 16:07:06.949376,saida,117882,,"Ajuste automático via importação ML Full (anterior: 118169, novo: 287)"
54,8,2025-12-19 16:07:06.953406,saida,133560,,"Ajuste automático via importação ML Full (anterior: 133977, novo: 417)"
55,12,2025-12-19 16:09:37.966773,entrada,257,,"Ajuste automático via importação ML Full (anterior: 0, novo: 257)"
56,15,2025-12-19 16:09:37.974204,entrada,14,,"Ajuste automático via importação ML Full (anterior: 0, novo: 14)"
57,20,2025-12-19 16:09:37.978239,entrada,100,,"Ajuste automático via importação ML Full (anterior: 0, novo: 100)"
58,13,2025-12-19 16:09:37.983689,entrada,3,,"Ajuste automático via importação ML Full (anterior: 0, novo: 3)"
59,11,2025-12-19 16:09:37.985703,entrada,35,,"Ajuste automático via importação ML Full (anterior: 0, novo: 35)"
60,2,2025-12-19 16:09:37.991749,entrada,350,,"Ajuste automático via importação ML Full (anterior: 0, novo: 350)"
61,1,2025-12-19 16:09:37.998285,entrada,229,,"Ajuste automático via importação ML Full (anterior: 0, novo: 229)"
62,4,2025-12-19 16:09:38.002324,entrada,77,,"Ajuste automático via importação ML Full (anterior: 0, novo: 77)"
63,7,2025-12-19 16:09:38.004340,entrada,287,,"Ajuste automático via importação ML Full (anterior: 0, novo: 287)"
64,8,2025-12-19 16:09:38.006352,entrada,417,,"Ajuste automático via importação ML Full (anterior: 0, novo: 417)"
65,18,2025-12-19 16:09:38.008362,entrada,2,,"Ajuste automático via importação ML Full (anterior: 0, novo: 2)"
66,3,2025-12-19 16:09:38.010373,entrada,249,,"Ajuste automático via importação ML Full (anterior: 0, novo: 249)"
67,21,2025-12-19 16:09:38.013438,entrada,100,,"Ajuste automático via importação ML Full (anterior: 0, novo: 100)"
68,14,2025-12-19 16:09:38.016236,entrada,15,,"Ajuste automático via importação ML Full (anterior: 0, novo: 15)"
69,17,2025-12-19 16:09:38.018250,entrada,352,,"Ajuste automático via importação ML Full (anterior: 0, novo: 352)"
70,16,2025-12-19 16:09:38.020268,entrada,376,,"Ajuste automático via importação ML Full (anterior: 0, novo: 376)"
71,10,2025-12-19 16:09:38.024298,entrada,20,,"Ajuste automático via importação ML Full (anterior: 0, novo: 20)"
72,9,2025-12-19 16:09:38.026312,entrada,211,,"Ajuste automático via importação ML Full (anterior: 0, novo: 211)"
