id,nome,sku,custo_unitario,preco_venda_sugerido,estoque_inicial,estoque_atual,curva,criado_automaticamente,vinculado_a,publicidade
1,Adaptador 2 Em 1 Placa De Rede Wi-fi 6 Dual Band 5g + Bluetooth 5.4,Ax900-Antena,25.64,38.46,246,199,,false,,0.0
2,"Adaptador 2 Em 1 Wifi 6 + Bluetooth 5.4 2,4g | 5ghz 900mbps",AX900+BT5.4,21.01,31.52,425,270,,false,,0.0
3,Adaptador Placa Rede Usb 3.0 Ethernet Rj45 F3 1000 Mbps,RJ45-1000,18.08,27.12,314,177,,false,,0.0
4,Adaptador Rec Bluetooth 5.1 P/ Computador Até 7 Dispositivos Plug & Play,BT-5.1,9.76,14.64,92,55,,false,,0.0
5,Adaptador Rec Bluetooth 5.1 P/ Computador Plug & Play,BT-5.1/2,8.36,12.54,100,98,,false,,0.0
6,Adaptador Rec Bluetooth 5.3 P/ Computador Plug & Play,BT-5.3,11.07,16.61,100,100,,false,,0.0
7,Adaptador Rec Bluetooth 5.4 P/ Computador Até 7 Dispositivos,BT-5.4,14.83,22.25,535,72,,false,,0.0
8,Adaptador Rec Bluetooth 6.0 P/ Computador Até 7 Dispositivos,BT-6.0,22.34,33.51,143,273,,false,,0.0
9,Adaptador Ssd M2 Nvme Gen4 Para Pci-e 4.0 X4 X8 X16 64gbps Jeyi,X4-4.0,17.0,25.5,52,161,,false,,0.0
10,Adaptador Ssd Nvme Vertical Pci-e X1 Modelo Pcenvme-n02 Ver006s,X1-VERTICAL,17.0,25.5,24,12,,false,,0.0
11,Adaptador Wifi Dual Band 2.4 / 5ghz 600mbps Wireless 5g Usb Mega Maxxi Tecnologia Redutron,600Free,16.02,24.03,40,35,,false,,0.0
12,Adaptador Wifi Dual Band Ac1300 5ghz 1300mbps,1300mb,24.0,36.0,362,123,,false,,0.0
13,Adaptador Wifi Para Pc Usb 2x1 Receptor 600mb 5g Wifi E Bluetooth Chipset Realtek,600+BT,16.4,24.6,94,3,,false,,0.0
14,"Cabo Adaptador Usb Para Sata Para Hdd/ssd De 2,5 Polegadas",SATA-USB,12.66,18.99,34,7,,false,,0.0
15,Kit Agulhas Mão Agulheiro Costura Bordar Curva 27 Peças,27-AGULHAS,5.0,7.5,19,12,,false,,0.0
16,Placa Adaptador Ssd M2 M.2 Nvme 1x Pci-e Pcie Express 1x X1 X4 X8 X16 Marca Redutron,X1-3.0,12.06,18.09,301,330,,false,,0.0
17,Placa Pci Express 1x 2 Porta Serial Db9 Rs232 Rs485 Rs422 Marca Redutron,SERIAL2X1,23.55,35.33,263,224,,false,,0.0
18,Placa Pci Express 2 Portas Serial 1 Paralela,ParalelaX1,24.77,37.16,13,0,,false,,0.0
19,Xoss G2 Plus Ciclocomputador Gps Velocímetro Com Bluetooth 5 Conexão Com Strava E Ant+ Mtb A Prova D'água Cor Preto,XOSS-G2,160.0,240.0,0,0,,false,,0.0
20,Placa Pci-e Com 4 Portas Externas Usb 3.0 5gbps Pc Desktop,3.0USBPci,22.36,50.0,100,90,,false,,0.0
21,Placa De Rede Mini Pci-e Gigabit 10/100/1000 Para Lan Express Rj45 ,RedePci,13.08,45.0,100,58,,false,,0.0
